{
  "seq2seq": {
    "precision": 0.8088098168373108,
    "recall": 0.7996293306350708,
    "f1": 0.8040828108787537
  },
  "transformer": {
    "precision": 0.8123162984848022,
    "recall": 0.7975446581840515,
    "f1": 0.8047763109207153
  }
}