{
  "seq2seq": {
    "rouge1": {
      "mean": 0.1927371207340675,
      "lower": 0.1880617366287446,
      "upper": 0.19759223150249897
    },
    "rouge2": {
      "mean": 0.02487257016123066,
      "lower": 0.023270855560364196,
      "upper": 0.026790042848578773
    },
    "rougeL": {
      "mean": 0.14361268581388908,
      "lower": 0.14015692541259264,
      "upper": 0.14706358467075512
    }
  },
  "transformer": {
    "rouge1": {
      "mean": 0.15524547099595334,
      "lower": 0.15113159889944583,
      "upper": 0.1594785641970084
    },
    "rouge2": {
      "mean": 0.016339547022119257,
      "lower": 0.015103096206154938,
      "upper": 0.01779227282738729
    },
    "rougeL": {
      "mean": 0.11678027228799583,
      "lower": 0.1138666327028496,
      "upper": 0.11998462809268079
    }
  },
  "significance": {
    "rouge1": {
      "p_value": 3.610023184418818e-53,
      "significant": "YES"
    },
    "rouge2": {
      "p_value": 5.1715616792505144e-20,
      "significant": "YES"
    },
    "rougeL": {
      "p_value": 3.022848057701406e-52,
      "significant": "YES"
    }
  }
}