epoch,train_loss,val_loss,lr,teacher_forcing,peak_gpu_gb
1,7.12407269123361,8.179249309358143,0.001,1.0,11.448507392
2,6.4319872353002605,7.972172237577892,0.001,0.92,11.474236928
3,6.132134101373686,7.766297726404099,0.001,0.84,11.474303488
4,5.981098120161097,7.659318197341192,0.001,0.76,11.473289728
5,5.8870331995207055,7.4843297231765025,0.001,0.6799999999999999,11.473519104
