epoch,train_loss,val_loss,lr,peak_gpu_gb
1,8.924644010530102,8.074973242623466,2.4705294220065465e-07,9.957560832
2,7.171383029837116,6.549808025360107,5.1387011977736167e-05,9.983135744
3,6.349872831532138,6.0459756170000345,0.00010277402395547233,9.983135744
4,5.870475133260091,5.648181506565639,0.0001541610359332085,9.983135744
5,5.5410715876151615,5.398407118661063,0.00020554804791094467,9.983135744
